Location,Location_unique,Count
United States of America,United States of America,213
United States of America,United Kingdom,62
United States of America,Japan,56
United Kingdom,Canada,28
United Kingdom,Switzerland,9
United States of America,France,58
United States of America,Denmark,5
United States of America,Israel,7
United States of America,Germany,54
United States of America,Sweden,12
United States of America,Australia,25
Japan,South Korea,35
United States of America,Italy,45
United States of America,Netherlands,13
United States of America,Norway,5
United States of America,Brazil,20
Canada,Spain,38
United States of America,China,108
United States of America,Finland,9
United States of America,Singapore,2
United Kingdom,Belgium,9
United States of America,Taiwan,17
United States of America,Russia,5
United States of America,Hong Kong,6
United States of America,Austria,11
Japan,Czech Republic,5
United States of America,Portugal,6
Switzerland,South Africa,7
France,Ireland,7
United Kingdom,New Zealand,5
United States of America,Mexico,4
United States of America,Poland,10
United States of America,Argentina,3
United Kingdom,Greece,6
United States of America,Saudi Arabia,4
United States of America,Chile,4
Canada,Serbia,1
Canada,Slovenia,2
Denmark,Iran,12
United States of America,Hungary,6
United States of America,India,17
United States of America,Malaysia,5
United States of America,Egypt,4
United Kingdom,Croatia,2
Israel,Thailand,4
Germany,Iceland,1
United States of America,Estonia,1
Germany,Turkey,13
Sweden,Slovakia,1
United States of America,Uruguay,1
United States of America,Lithuania,1
United States of America,Colombia,3
Japan,Uganda,1
France,Lebanon,1
Switzerland,Pakistan,3
United States of America,Romania,3
Australia,Bulgaria,1
United States of America,Cyprus,1
United States of America,Tunisia,1
South Korea,Nigeria,1
Israel,Macau,1
United States of America,,
United States of America,,
United States of America,,
United Kingdom,,
United States of America,,
Italy,,
United Kingdom,,
Switzerland,,
United States of America,,
Australia,,
Netherlands,,
United States of America,,
Australia,,
Norway,,
United States of America,,
Brazil,,
United States of America,,
United States of America,,
United States of America,,
Germany,,
Australia,,
United States of America,,
France,,
Israel,,
Sweden,,
Spain,,
Denmark,,
United States of America,,
Netherlands,,
United States of America,,
China,,
Finland,,
United States of America,,
Sweden,,
Canada,,
France,,
China,,
Switzerland,,
Netherlands,,
Germany,,
Switzerland,,
Singapore,,
Belgium,,
United States of America,,
Netherlands,,
Belgium,,
Switzerland,,
Taiwan,,
Canada,,
United States of America,,
Germany,,
Japan,,
United States of America,,
Germany,,
France,,
France,,
United Kingdom,,
Australia,,
Japan,,
Canada,,
United States of America,,
Netherlands,,
Australia,,
Germany,,
Russia,,
Netherlands,,
United States of America,,
United States of America,,
Netherlands,,
United Kingdom,,
Germany,,
United States of America,,
United States of America,,
France,,
China,,
United Kingdom,,
France,,
United States of America,,
Japan,,
France,,
United States of America,,
United States of America,,
United States of America,,
Australia,,
Switzerland,,
Israel,,
Italy,,
Germany,,
Italy,,
United States of America,,
Spain,,
United States of America,,
United States of America,,
Germany,,
Sweden,,
China,,
United Kingdom,,
Sweden,,
United States of America,,
Belgium,,
United Kingdom,,
United Kingdom,,
United Kingdom,,
Germany,,
Sweden,,
United States of America,,
Netherlands,,
United Kingdom,,
China,,
Hong Kong,,
Austria,,
Singapore,,
Japan,,
Japan,,
Belgium,,
United States of America,,
Hong Kong,,
United Kingdom,,
United States of America,,
France,,
United States of America,,
South Korea,,
United States of America,,
Italy,,
Germany,,
United Kingdom,,
United Kingdom,,
China,,
United States of America,,
United States of America,,
United Kingdom,,
United States of America,,
United States of America,,
United States of America,,
Canada,,
United States of America,,
Canada,,
France,,
China,,
Italy,,
China,,
Czech Republic,,
United States of America,,
Canada,,
Belgium,,
Germany,,
Italy,,
China,,
United States of America,,
United Kingdom,,
Germany,,
Germany,,
Germany,,
Denmark,,
Germany,,
United States of America,,
South Korea,,
United States of America,,
Portugal,,
France,,
South Korea,,
South Africa,,
United States of America,,
Ireland,,
Japan,,
Portugal,,
Ireland,,
Australia,,
South Africa,,
Canada,,
Germany,,
Germany,,
Germany,,
United States of America,,
New Zealand,,
South Korea,,
Japan,,
United States of America,,
Germany,,
Australia,,
France,,
United Kingdom,,
United States of America,,
United States of America,,
United States of America,,
Italy,,
United States of America,,
Netherlands,,
United States of America,,
United States of America,,
Norway,,
United States of America,,
United States of America,,
Sweden,,
United Kingdom,,
United States of America,,
Mexico,,
United States of America,,
Poland,,
Canada,,
United States of America,,
Norway,,
Spain,,
China,,
United Kingdom,,
Austria,,
Canada,,
Canada,,
China,,
Spain,,
United Kingdom,,
United States of America,,
United Kingdom,,
United States of America,,
China,,
United States of America,,
Canada,,
United Kingdom,,
Spain,,
United Kingdom,,
United States of America,,
Italy,,
Netherlands,,
Italy,,
Japan,,
Germany,,
United States of America,,
United States of America,,
Germany,,
Germany,,
Belgium,,
Argentina,,
Germany,,
South Korea,,
China,,
Taiwan,,
Brazil,,
United States of America,,
China,,
Austria,,
China,,
Japan,,
United States of America,,
Greece,,
United States of America,,
France,,
United States of America,,
New Zealand,,
France,,
Canada,,
China,,
United States of America,,
Italy,,
United Kingdom,,
United States of America,,
Germany,,
Spain,,
China,,
United Kingdom,,
Belgium,,
United States of America,,
Saudi Arabia,,
Australia,,
Chile,,
Canada,,
Germany,,
China,,
France,,
United States of America,,
France,,
United Kingdom,,
United States of America,,
China,,
China,,
South Korea,,
China,,
Denmark,,
Finland,,
Hong Kong,,
United States of America,,
Hong Kong,,
Serbia,,
United States of America,,
Germany,,
China,,
China,,
South Korea,,
Italy,,
Germany,,
Australia,,
United States of America,,
Germany,,
United States of America,,
Finland,,
Spain,,
Sweden,,
Hong Kong,,
Spain,,
Brazil,,
China,,
United States of America,,
Canada,,
Italy,,
Finland,,
Italy,,
China,,
Sweden,,
China,,
Slovenia,,
Iran,,
Brazil,,
United States of America,,
United States of America,,
Greece,,
United States of America,,
Japan,,
Taiwan,,
Netherlands,,
Germany,,
Poland,,
South Korea,,
China,,
Chile,,
South Korea,,
United Kingdom,,
Australia,,
Canada,,
Japan,,
Australia,,
United Kingdom,,
Italy,,
United States of America,,
Israel,,
Netherlands,,
China,,
Australia,,
Brazil,,
Australia,,
Australia,,
Austria,,
South Africa,,
Portugal,,
Italy,,
United States of America,,
Brazil,,
United Kingdom,,
South Korea,,
France,,
Germany,,
Canada,,
Germany,,
Hungary,,
Spain,,
Spain,,
Italy,,
Germany,,
Finland,,
France,,
India,,
Saudi Arabia,,
Italy,,
Germany,,
United Kingdom,,
Australia,,
Spain,,
Taiwan,,
United States of America,,
United States of America,,
United States of America,,
Italy,,
South Korea,,
China,,
Saudi Arabia,,
United States of America,,
France,,
United States of America,,
South Africa,,
Portugal,,
Spain,,
United States of America,,
Brazil,,
Italy,,
South Korea,,
Italy,,
Spain,,
France,,
South Africa,,
Spain,,
New Zealand,,
Malaysia,,
Egypt,,
Denmark,,
France,,
United States of America,,
Italy,,
Germany,,
France,,
United States of America,,
China,,
Iran,,
Italy,,
Croatia,,
Sweden,,
China,,
Austria,,
Taiwan,,
Canada,,
United States of America,,
Italy,,
Thailand,,
Spain,,
Ireland,,
Germany,,
Italy,,
Iceland,,
Germany,,
United States of America,,
Italy,,
United States of America,,
United States of America,,
Japan,,
United States of America,,
China,,
China,,
United States of America,,
France,,
Thailand,,
Norway,,
Estonia,,
United States of America,,
Israel,,
Australia,,
Germany,,
United States of America,,
China,,
China,,
United Kingdom,,
United States of America,,
United States of America,,
Taiwan,,
Netherlands,,
China,,
United Kingdom,,
Japan,,
France,,
Germany,,
United States of America,,
Italy,,
Taiwan,,
Italy,,
United States of America,,
France,,
Finland,,
China,,
France,,
United States of America,,
Ireland,,
India,,
France,,
Taiwan,,
Portugal,,
United Kingdom,,
United Kingdom,,
Turkey,,
United States of America,,
United States of America,,
United States of America,,
United Kingdom,,
France,,
New Zealand,,
United States of America,,
China,,
Australia,,
China,,
China,,
United Kingdom,,
South Korea,,
Germany,,
United Kingdom,,
Russia,,
Germany,,
China,,
South Korea,,
Argentina,,
United States of America,,
Iran,,
Taiwan,,
China,,
United States of America,,
Portugal,,
South Korea,,
Spain,,
China,,
United States of America,,
Russia,,
Canada,,
United States of America,,
Mexico,,
Turkey,,
Japan,,
Australia,,
United States of America,,
Australia,,
United Kingdom,,
Malaysia,,
United States of America,,
United States of America,,
United States of America,,
Australia,,
Czech Republic,,
United States of America,,
Spain,,
Germany,,
New Zealand,,
Poland,,
China,,
United States of America,,
Canada,,
South Korea,,
Japan,,
United States of America,,
Germany,,
Canada,,
Mexico,,
France,,
China,,
China,,
France,,
China,,
United States of America,,
Iran,,
Taiwan,,
France,,
Russia,,
Turkey,,
Japan,,
China,,
United States of America,,
Germany,,
Japan,,
United States of America,,
Finland,,
United States of America,,
Greece,,
Germany,,
South Korea,,
South Korea,,
South Korea,,
Czech Republic,,
Italy,,
United Kingdom,,
Austria,,
Italy,,
India,,
Turkey,,
Japan,,
Japan,,
United Kingdom,,
Israel,,
Spain,,
Italy,,
United States of America,,
South Korea,,
Turkey,,
China,,
Greece,,
Japan,,
Japan,,
Italy,,
Germany,,
China,,
Poland,,
Australia,,
China,,
China,,
France,,
United States of America,,
United States of America,,
Spain,,
United States of America,,
Iran,,
Australia,,
Sweden,,
China,,
China,,
Austria,,
Turkey,,
United States of America,,
Italy,,
India,,
France,,
Spain,,
Taiwan,,
Taiwan,,
France,,
China,,
Hungary,,
Brazil,,
South Korea,,
Italy,,
Spain,,
Italy,,
Spain,,
United States of America,,
United States of America,,
Czech Republic,,
France,,
United States of America,,
Greece,,
India,,
China,,
Slovakia,,
United Kingdom,,
Japan,,
India,,
United States of America,,
Japan,,
Turkey,,
China,,
United States of America,,
United States of America,,
Spain,,
France,,
China,,
Italy,,
United States of America,,
China,,
Iran,,
South Korea,,
China,,
China,,
China,,
Brazil,,
United Kingdom,,
Hungary,,
China,,
Japan,,
Italy,,
South Korea,,
Japan,,
China,,
Italy,,
Spain,,
China,,
United States of America,,
China,,
Spain,,
Brazil,,
United Kingdom,,
Switzerland,,
Greece,,
Norway,,
United Kingdom,,
Egypt,,
France,,
Germany,,
Austria,,
Canada,,
Japan,,
China,,
China,,
Japan,,
China,,
Uruguay,,
India,,
United States of America,,
France,,
United States of America,,
Sweden,,
Spain,,
India,,
Russia,,
Italy,,
China,,
France,,
Brazil,,
United Kingdom,,
Brazil,,
Turkey,,
Poland,,
Malaysia,,
United States of America,,
Hong Kong,,
China,,
United States of America,,
Japan,,
Lithuania,,
Italy,,
United States of America,,
United States of America,,
France,,
Austria,,
China,,
France,,
Iran,,
United States of America,,
Hungary,,
United States of America,,
Iran,,
India,,
Argentina,,
China,,
United Kingdom,,
United States of America,,
Colombia,,
Spain,,
United Kingdom,,
Italy,,
United States of America,,
Uganda,,
Croatia,,
United States of America,,
India,,
South Korea,,
Poland,,
United Kingdom,,
China,,
Germany,,
France,,
India,,
Germany,,
Lebanon,,
Saudi Arabia,,
China,,
France,,
Finland,,
Japan,,
Turkey,,
South Africa,,
Chile,,
China,,
Thailand,,
South Korea,,
Italy,,
Taiwan,,
Japan,,
India,,
Pakistan,,
China,,
Canada,,
Romania,,
United States of America,,
China,,
France,,
Colombia,,
India,,
Spain,,
United Kingdom,,
South Korea,,
South Korea,,
Italy,,
Japan,,
Brazil,,
United States of America,,
Japan,,
Romania,,
Japan,,
China,,
Spain,,
United Kingdom,,
Italy,,
Hungary,,
China,,
France,,
Malaysia,,
Romania,,
Spain,,
United States of America,,
United States of America,,
China,,
Italy,,
South Korea,,
Poland,,
United States of America,,
China,,
China,,
Japan,,
Germany,,
Brazil,,
Japan,,
Canada,,
United States of America,,
Poland,,
Japan,,
Taiwan,,
Brazil,,
Mexico,,
France,,
Japan,,
China,,
South Korea,,
Japan,,
Chile,,
United States of America,,
France,,
Iran,,
India,,
Japan,,
United States of America,,
France,,
United States of America,,
Finland,,
Spain,,
Japan,,
Germany,,
Spain,,
Japan,,
Spain,,
Australia,,
United States of America,,
Iran,,
China,,
Turkey,,
Taiwan,,
China,,
China,,
South Korea,,
United States of America,,
China,,
Bulgaria,,
Japan,,
India,,
Egypt,,
United States of America,,
Brazil,,
Japan,,
South Korea,,
Brazil,,
China,,
United Kingdom,,
Brazil,,
United Kingdom,,
China,,
China,,
Japan,,
Austria,,
Japan,,
Poland,,
Spain,,
Japan,,
China,,
Egypt,,
Belgium,,
Cyprus,,
Italy,,
Japan,,
Tunisia,,
China,,
United Kingdom,,
China,,
United States of America,,
Japan,,
China,,
Malaysia,,
South Korea,,
Pakistan,,
France,,
India,,
United Kingdom,,
China,,
United States of America,,
France,,
France,,
Spain,,
Japan,,
Brazil,,
Canada,,
France,,
Czech Republic,,
Japan,,
Turkey,,
France,,
United States of America,,
United States of America,,
Ireland,,
Belgium,,
Turkey,,
United States of America,,
Spain,,
China,,
France,,
United States of America,,
China,,
China,,
Germany,,
United States of America,,
Hungary,,
Ireland,,
Japan,,
France,,
Canada,,
Japan,,
Poland,,
China,,
Spain,,
Ireland,,
Germany,,
France,,
China,,
South Korea,,
United States of America,,
United States of America,,
South Africa,,
China,,
Iran,,
Taiwan,,
France,,
Colombia,,
China,,
Taiwan,,
China,,
United States of America,,
China,,
Austria,,
United States of America,,
United States of America,,
Slovenia,,
Turkey,,
United States of America,,
United States of America,,
China,,
United Kingdom,,
United Kingdom,,
Brazil,,
Switzerland,,
China,,
United Kingdom,,
Spain,,
Thailand,,
Nigeria,,
Iran,,
United States of America,,
United States of America,,
Macau,,
Pakistan,,
India,,
Japan,,
South Korea,,
China,,